수면시간,학교 활동시간,미디어&여가 활동시간
1010,0,270
150,0,180
240,0,0
240,420,0
240,420,0
260,90,240
270,370,20
270,390,110
280,460,50
290,380,40
290,400,30
300,370,0
300,0,340
310,460,20
320,370,40
330,410,120
330,390,160
330,360,120
330,450,80
330,350,140
330,410,0
330,340,30
340,0,170
340,430,10
340,370,30
340,370,30
340,510,20
340,400,100
340,400,0
340,390,100
350,300,50
350,350,0
350,0,110
350,0,50
350,0,110
350,350,0
350,380,30
350,420,20
350,630,0
350,640,0
360,370,210
360,420,0
360,470,0
360,0,310
360,300,100
360,430,30
360,480,80
360,430,0
360,230,0
360,360,30
360,230,40
360,390,0
360,410,160
360,420,30
360,420,160
360,460,30
360,430,100
360,460,20
370,440,50
370,410,0
370,240,220
370,0,130
370,350,210
370,410,0
370,360,70
370,430,0
370,0,60
370,390,80
370,400,80
370,410,0
380,380,0
380,670,0
380,250,130
380,420,30
380,410,0
380,0,620
380,370,60
380,350,100
380,380,0
380,380,20
380,380,50
380,0,210
380,360,160
380,0,450
380,0,300
380,370,30
380,380,80
380,440,90
380,460,50
380,480,40
390,310,30
390,340,0
390,340,20
390,290,80
390,390,0
390,0,160
390,0,260
390,0,270
390,390,60
390,430,60
390,440,30
390,470,0
390,0,210
390,280,190
390,370,70
390,400,0
390,590,0
390,0,110
390,230,180
390,280,130
390,380,20
390,390,20
390,410,70
390,340,0
390,370,80
390,370,30
390,0,0
390,310,40
390,370,50
390,410,70
390,520,0
400,0,260
400,130,80
400,340,160
400,440,0
400,470,80
400,480,90
400,290,0
400,0,240
400,0,170
400,390,60
400,400,100
400,350,0
400,350,0
400,350,30
400,320,30
400,340,20
400,0,60
400,0,330
400,320,60
400,370,60
400,350,0
400,390,10
400,400,100
400,410,80
400,420,230
400,0,0
400,0,60
400,0,150
400,0,70
400,380,80
400,420,0
400,430,100
400,440,0
400,0,160
400,110,50
400,400,40
400,410,50
400,420,0
400,610,0
400,180,160
400,300,10
400,330,40
400,350,0
400,380,30
410,220,50
410,290,30
410,350,120
410,390,190
410,420,120
410,420,0
410,470,10
410,490,70
410,0,220
410,270,100
410,300,60
410,330,10
410,330,40
410,480,0
410,340,150
410,410,20
410,250,40
410,280,130
410,430,0
410,0,260
410,240,110
410,390,0
410,390,30
410,420,0
410,430,40
410,360,40
410,400,30
410,410,80
410,410,60
410,0,140
410,210,40
410,350,30
410,390,0
410,400,20
410,470,0
410,510,200
410,0,110
410,200,80
410,340,0
410,340,110
410,360,130
410,370,10
410,380,30
410,390,0
410,390,40
410,400,70
410,400,360
410,410,90
410,420,0
410,420,0
410,450,110
410,0,150
410,250,140
410,320,0
410,340,0
410,360,0
410,380,50
410,430,0
410,440,0
410,480,0
420,0,120
420,220,290
420,0,60
420,0,70
420,240,350
420,260,40
420,350,160
420,380,80
420,430,0
420,450,40
420,0,80
420,0,30
420,420,10
420,420,0
420,470,110
420,0,0
420,330,60
420,340,40
420,340,0
420,380,90
420,400,100
420,400,40
420,220,0
420,230,290
420,360,10
420,460,50
420,0,50
420,280,150
420,360,10
420,310,80
420,0,100
420,350,0
420,420,30
420,0,200
420,370,0
420,370,140
420,400,90
420,420,0
420,460,0
420,0,120
420,0,120
420,0,220
420,0,150
420,360,40
420,360,30
420,360,0
420,400,0
420,420,0
420,420,30
420,430,210
420,0,100
420,290,20
420,320,0
420,320,100
420,340,100
420,350,20
420,360,40
420,360,20
420,370,110
420,380,20
420,390,0
420,430,60
420,450,0
420,510,0
420,610,0
420,0,90
420,0,50
420,180,160
420,250,130
420,320,160
420,320,80
420,340,0
420,340,0
420,380,90
420,380,30
420,380,140
420,390,190
420,400,90
420,420,0
420,0,480
420,0,270
420,0,370
420,0,330
420,180,0
420,320,10
420,330,10
420,360,160
420,370,90
420,380,0
420,390,0
420,400,80
420,410,0
420,420,190
420,430,0
420,440,50
430,0,130
430,350,90
430,350,0
430,380,0
430,400,80
430,440,0
430,460,50
430,500,0
430,0,250
430,300,90
430,370,0
430,0,130
430,0,120
430,0,90
430,340,80
430,320,80
430,0,60
430,330,60
430,470,0
430,170,160
430,300,110
430,360,60
430,390,30
430,390,60
430,0,110
430,0,90
430,0,550
430,200,220
430,230,40
430,260,40
430,300,290
430,340,100
430,390,0
430,410,140
430,420,0
430,260,60
430,270,180
430,300,180
430,310,0
430,310,40
430,340,50
430,340,0
430,360,70
430,370,0
430,380,30
430,400,130
430,400,30
430,400,0
430,410,0
430,420,50
430,430,0
430,430,0
430,450,50
430,0,580
430,0,200
430,0,440
430,240,90
430,290,90
430,320,90
430,330,10
430,340,90
430,340,200
430,340,0
430,350,100
430,360,10
430,380,10
430,380,0
430,420,150
430,470,0
430,470,0
430,0,120
430,0,20
430,0,150
430,190,0
430,240,40
430,250,70
430,300,60
430,310,120
430,320,20
430,330,30
430,330,80
430,340,0
430,340,80
430,350,60
430,350,0
430,380,60
430,380,60
430,410,0
430,420,90
430,430,160
430,0,340
430,0,70
430,260,70
430,310,0
430,320,20
430,330,20
430,340,80
430,350,0
430,350,170
430,350,150
430,350,50
430,380,10
430,390,100
430,390,60
430,400,0
430,400,50
430,470,60
440,0,480
440,340,0
440,350,150
440,360,30
440,370,60
440,390,80
440,390,30
440,400,60
440,410,0
440,440,80
440,540,0
440,0,260
440,160,80
440,220,200
440,290,230
440,330,140
440,340,20
440,340,20
440,350,240
440,410,60
440,410,100
440,450,40
440,470,0
440,480,130
440,540,0
440,340,60
440,0,170
440,390,100
440,460,60
440,390,0
440,110,0
440,420,10
440,0,280
440,0,460
440,380,20
440,400,130
440,430,60
440,320,60
440,320,0
440,340,0
440,370,0
440,370,70
440,420,110
440,460,40
440,520,30
440,280,70
440,290,0
440,340,70
440,370,60
440,370,110
440,380,140
440,380,60
440,380,30
440,390,40
440,420,80
440,430,90
440,0,290
440,270,170
440,270,70
440,270,40
440,280,30
440,290,20
440,290,20
440,330,150
440,340,140
440,340,120
440,380,150
440,390,40
440,390,110
440,400,60
440,400,10
440,410,0
440,410,0
440,430,0
440,430,20
440,480,0
440,0,450
440,280,60
440,290,80
440,310,30
440,310,20
440,330,40
440,330,100
440,350,0
440,380,0
440,390,150
440,390,50
440,390,50
440,390,0
440,400,0
440,410,30
440,410,40
440,430,40
440,450,50
440,460,0
440,0,80
440,0,60
440,0,430
440,0,100
440,210,140
440,250,50
440,330,120
440,360,160
440,370,50
440,380,50
440,410,0
440,410,30
440,420,0
440,420,0
440,450,80
450,0,390
450,0,0
450,250,40
450,300,40
450,310,0
450,320,140
450,330,80
450,330,30
450,400,60
450,410,0
450,420,0
450,0,250
450,210,10
450,310,60
450,340,30
450,380,90
450,400,140
450,410,30
450,0,110
450,320,0
450,470,60
450,340,40
450,310,0
450,0,0
450,310,80
450,340,10
450,410,0
450,150,110
450,280,0
450,320,0
450,330,70
450,350,30
450,370,100
450,370,100
450,390,0
450,390,50
450,400,10
450,400,0
450,410,40
450,450,130
450,460,50
450,0,170
450,0,30
450,250,70
450,320,0
450,340,130
450,360,50
450,370,60
450,380,20
450,390,0
450,400,0
450,290,150
450,320,0
450,340,100
450,340,0
450,370,0
450,370,40
450,390,0
450,390,70
450,410,60
450,420,0
450,430,50
450,440,0
450,450,0
450,480,40
450,280,30
450,300,30
450,310,0
450,330,100
450,360,240
450,370,100
450,380,0
450,390,160
450,390,30
450,410,80
450,240,120
450,260,30
450,310,120
450,320,40
450,340,0
450,350,130
450,350,20
450,350,50
450,370,100
450,410,0
450,430,0
450,450,40
450,450,0
450,460,30
460,0,0
460,0,0
460,0,330
460,0,270
460,0,480
460,330,110
460,340,90
460,350,0
460,360,0
460,360,0
460,380,80
460,390,0
460,390,50
460,400,90
460,410,100
460,410,110
460,450,0
460,480,0
460,0,300
460,300,100
460,300,30
460,340,0
460,380,50
460,390,80
460,400,90
460,0,70
460,210,80
460,340,20
460,350,0
460,380,40
460,410,140
460,420,30
460,0,0
460,330,0
460,370,130
460,410,0
460,490,0
460,0,320
460,300,0
460,0,240
460,200,150
460,300,10
460,410,0
460,120,0
460,210,280
460,290,30
460,300,140
460,360,0
460,360,0
460,0,30
460,0,330
460,330,170
460,370,150
460,390,0
460,410,0
460,410,20
460,0,0
460,0,210
460,0,280
460,0,350
460,330,0
460,360,0
460,360,40
460,360,0
460,390,60
460,420,90
460,450,20
460,480,60
460,520,0
460,580,0
460,0,630
460,0,320
460,0,290
460,150,50
460,310,110
460,310,0
460,320,20
460,320,30
460,330,50
460,350,0
460,370,210
460,370,40
460,370,100
460,380,30
460,380,0
460,390,70
460,390,30
460,390,30
460,400,0
460,0,340
460,0,100
460,0,120
460,0,410
460,0,120
460,300,0
460,330,40
460,330,180
460,340,60
460,360,0
460,360,0
460,370,0
460,370,0
460,370,70
460,390,30
460,410,40
460,420,0
460,90,80
460,0,340
460,110,140
460,310,0
460,320,190
460,340,20
460,340,0
460,350,0
460,350,0
460,370,80
460,370,40
460,380,0
460,390,90
460,390,30
460,390,0
460,400,0
460,400,30
460,410,30
460,410,90
460,430,0
460,450,150
470,0,190
470,0,10
470,0,110
470,290,100
470,290,100
470,320,110
470,330,120
470,340,0
470,350,40
470,350,80
470,360,0
470,360,20
470,380,20
470,400,0
470,430,70
470,480,0
470,0,220
470,0,40
470,280,0
470,350,160
470,370,0
470,440,20
470,0,210
470,230,60
470,230,100
470,300,110
470,330,100
470,340,110
470,0,300
470,0,190
470,350,0
470,390,180
470,400,30
470,0,330
470,0,0
470,330,0
470,330,50
470,360,0
470,0,80
470,0,240
470,350,0
470,350,110
470,380,170
470,380,140
470,400,0
470,410,30
470,460,0
470,0,260
470,0,140
470,0,170
470,0,200
470,0,120
470,0,230
470,230,0
470,250,120
470,310,50
470,340,80
470,340,30
470,350,70
470,360,20
470,380,0
470,380,100
470,380,140
470,380,100
470,400,0
470,400,110
470,400,30
470,430,0
470,440,0
470,0,120
470,0,50
470,0,250
470,170,0
470,260,0
470,290,0
470,320,0
470,330,60
470,340,80
470,350,160
470,370,100
470,380,40
470,390,30
470,420,0
470,420,80
470,420,80
470,480,60
470,490,0
470,0,320
470,150,200
470,310,80
470,310,240
470,340,100
470,340,50
470,340,20
470,360,0
470,390,0
470,400,60
470,410,100
470,480,70
470,50,80
470,0,70
470,290,0
470,310,0
470,320,90
470,340,110
470,340,70
470,350,0
470,360,80
470,380,130
470,380,110
470,380,110
470,400,20
470,400,90
470,400,0
470,410,10
470,430,30
480,0,70
480,0,80
480,0,270
480,280,140
480,300,120
480,330,130
480,380,110
480,400,40
480,410,0
480,0,140
480,0,180
480,320,110
480,370,40
480,0,240
480,310,0
480,430,0
480,150,110
480,320,120
480,380,80
480,420,90
480,0,140
480,410,0
480,0,450
480,0,290
480,100,170
480,390,50
480,420,10
480,0,120
480,0,210
480,310,130
480,320,50
480,360,0
480,420,100
480,0,200
480,0,220
480,0,30
480,0,340
480,310,0
480,320,20
480,330,0
480,330,30
480,340,100
480,340,80
480,350,80
480,360,100
480,370,0
480,410,60
480,410,60
480,410,20
480,440,0
480,510,60
480,650,90
480,0,190
480,0,240
480,0,210
480,0,260
480,230,120
480,280,80
480,310,20
480,320,0
480,330,0
480,330,110
480,330,130
480,330,90
480,340,0
480,340,30
480,340,30
480,340,40
480,350,50
480,360,130
480,390,40
480,390,60
480,390,140
480,390,110
480,390,0
480,410,60
480,420,90
480,430,30
480,430,30
480,0,0
480,0,170
480,0,70
480,110,50
480,190,10
480,320,50
480,330,90
480,360,0
480,380,20
480,380,90
480,390,0
480,390,0
480,400,100
480,600,0
480,0,60
480,0,130
480,290,0
480,330,0
480,330,0
480,340,0
480,340,0
480,350,20
480,370,0
480,370,60
480,380,40
480,380,0
480,380,110
480,380,50
480,380,0
480,400,0
480,400,160
480,430,0
480,440,50
480,0,0
480,0,200
480,0,350
480,0,50
480,0,220
480,0,370
480,0,100
480,0,200
480,0,230
480,0,250
480,0,100
480,0,230
480,0,50
480,0,200
480,290,150
480,300,30
480,330,40
480,340,200
480,350,80
480,350,0
480,350,0
480,360,0
480,360,280
480,370,100
480,380,20
480,380,60
480,400,30
480,420,170
480,440,50
480,470,70
490,0,80
490,0,140
490,250,60
490,290,180
490,300,40
490,350,0
490,360,0
490,360,80
490,370,60
490,380,0
490,390,10
490,390,110
490,410,200
490,450,10
490,450,30
490,0,90
490,0,0
490,310,0
490,0,50
490,0,100
490,160,0
490,290,60
490,370,110
490,0,130
490,0,60
490,120,170
490,290,80
490,0,160
490,250,160
490,0,160
490,290,120
490,370,0
490,470,70
490,250,0
490,360,0
490,360,0
490,360,130
490,370,0
490,370,30
490,400,130
490,490,70
490,0,130
490,110,0
490,270,0
490,310,40
490,330,100
490,330,20
490,350,0
490,370,30
490,380,30
490,400,30
490,420,100
490,440,30
490,460,0
490,510,60
490,690,20
490,0,330
490,0,220
490,0,340
490,0,130
490,150,290
490,310,110
490,340,0
490,350,40
490,360,20
490,370,10
490,390,40
490,390,60
490,410,20
490,440,0
490,80,250
490,0,120
490,0,320
490,0,240
490,190,120
490,280,50
490,290,40
490,290,100
490,310,100
490,340,140
490,340,0
490,340,20
490,350,100
490,360,0
490,370,0
490,370,50
490,380,50
490,400,40
490,400,90
490,420,60
490,420,0
490,450,0
490,450,60
490,0,200
490,0,250
490,0,380
490,0,110
490,270,130
490,290,20
490,300,60
490,310,0
490,320,40
490,330,30
490,330,90
490,350,130
490,360,80
490,380,150
490,380,0
490,380,70
490,70,150
500,0,90
500,0,70
500,220,60
500,300,0
500,310,0
500,330,90
500,350,0
500,360,70
500,370,110
500,380,0
500,410,50
500,430,160
500,0,110
500,0,170
500,0,310
500,0,70
500,300,80
500,340,80
500,350,0
500,410,0
500,0,150
500,0,180
500,310,50
500,440,0
500,0,200
500,340,0
500,300,40
500,300,0
500,370,0
500,0,170
500,0,350
500,160,90
500,340,20
500,410,100
500,420,90
500,0,110
500,0,150
500,140,170
500,290,100
500,310,0
500,350,130
500,370,80
500,370,80
500,410,0
500,410,50
500,480,110
500,0,220
500,0,120
500,0,310
500,190,100
500,330,40
500,350,20
500,350,20
500,360,60
500,370,30
500,380,150
500,400,40
500,0,110
500,0,60
500,0,210
500,0,0
500,170,0
500,310,150
500,310,130
500,320,150
500,330,30
500,350,0
500,400,120
500,430,0
500,0,150
500,0,30
500,0,40
500,0,40
500,0,130
500,0,90
500,0,100
500,320,0
500,320,40
500,340,150
500,350,40
500,350,130
500,360,40
500,380,40
500,380,90
500,380,80
500,400,0
500,420,30
500,0,160
500,0,260
500,0,40
500,0,40
500,0,50
500,0,160
500,120,80
500,180,280
500,180,60
500,230,100
500,280,50
500,300,0
500,300,30
500,320,130
500,320,60
500,360,20
500,380,60
500,380,0
500,390,140
500,390,80
500,400,40
500,410,60
500,440,40
510,0,110
510,0,180
510,0,0
510,380,110
510,400,120
510,0,160
510,0,150
510,0,370
510,0,160
510,360,40
510,420,70
510,500,0
510,0,150
510,0,190
510,0,400
510,220,0
510,300,120
510,370,0
510,400,0
510,370,90
510,410,30
510,0,150
510,0,380
510,400,0
510,420,0
510,0,540
510,230,20
510,310,70
510,320,100
510,380,40
510,400,60
510,410,0
510,0,90
510,0,230
510,330,230
510,340,120
510,340,70
510,390,0
510,410,0
510,470,0
510,0,230
510,0,290
510,0,350
510,0,230
510,330,40
510,340,0
510,370,30
510,370,70
510,390,30
510,400,40
510,400,0
510,420,110
510,420,0
510,0,250
510,0,110
510,0,360
510,0,170
510,0,90
510,0,410
510,110,20
510,220,100
510,280,130
510,290,80
510,330,0
510,340,60
510,350,80
510,350,40
510,360,0
510,360,90
510,370,0
510,370,150
510,380,90
510,400,0
510,420,20
510,460,30
510,0,390
510,0,100
510,0,80
510,0,0
510,0,220
510,270,150
510,280,100
510,340,50
510,340,70
510,340,90
510,350,40
510,360,40
510,370,0
510,380,90
510,430,70
510,90,90
510,0,60
510,0,150
510,220,130
510,220,160
510,320,90
510,320,110
510,350,0
510,350,0
510,350,190
510,360,50
510,370,0
510,420,140
510,420,30
510,470,0
520,0,220
520,0,260
520,0,150
520,220,120
520,220,60
520,290,30
520,320,0
520,330,0
520,340,0
520,360,70
520,460,0
520,460,50
520,0,90
520,0,100
520,0,230
520,320,0
520,330,30
520,340,20
520,370,120
520,400,0
520,0,280
520,0,330
520,0,100
520,0,160
520,210,130
520,300,50
520,490,80
520,0,280
520,0,290
520,0,90
520,0,150
520,350,0
520,430,0
520,0,370
520,0,230
520,330,40
520,0,580
520,120,30
520,410,70
520,0,300
520,0,140
520,0,110
520,0,190
520,180,80
520,230,140
520,340,0
520,370,70
520,540,120
520,0,170
520,0,160
520,0,110
520,0,170
520,290,30
520,370,90
520,420,80
520,0,230
520,0,70
520,0,160
520,0,150
520,0,110
520,0,80
520,200,220
520,280,30
520,340,0
520,350,100
520,350,60
520,380,0
520,420,0
520,450,0
520,0,120
520,0,60
520,0,150
520,0,370
520,0,420
520,270,60
520,320,40
520,350,0
520,370,50
520,380,70
520,400,130
520,430,0
520,430,0
520,0,0
520,0,220
520,0,330
520,0,50
520,0,170
520,0,500
520,0,0
520,260,180
520,330,130
520,400,100
520,410,0
530,0,170
530,0,50
530,0,0
530,0,200
530,280,160
530,310,120
530,330,80
530,350,0
530,0,130
530,0,250
530,0,100
530,330,0
530,340,180
530,400,30
530,0,70
530,0,230
530,0,300
530,180,0
530,280,50
530,320,70
530,280,90
530,0,310
530,0,280
530,0,220
530,0,240
530,0,40
530,0,330
530,260,0
530,400,50
530,420,220
530,440,0
530,270,120
530,340,0
530,350,80
530,360,0
530,370,0
530,400,0
530,0,180
530,0,420
530,0,380
530,0,350
530,280,50
530,330,80
530,360,0
530,360,50
530,360,110
530,360,80
530,370,0
530,370,0
530,380,0
530,50,230
530,0,150
530,0,190
530,0,90
530,0,170
530,0,120
530,250,180
530,280,0
530,300,0
530,320,30
530,360,0
530,380,120
530,400,40
530,0,60
530,0,0
530,0,160
530,0,180
530,0,80
530,150,110
530,0,110
530,0,60
530,0,90
530,0,100
530,280,60
530,300,30
530,320,10
530,320,30
530,340,100
530,360,160
530,370,60
530,400,0
540,0,120
540,0,110
540,0,70
540,0,170
540,0,170
540,0,230
540,0,160
540,0,40
540,0,120
540,0,0
540,250,170
540,320,100
540,330,40
540,350,0
540,380,90
540,390,0
540,460,40
540,610,0
540,0,90
540,0,100
540,0,270
540,0,260
540,0,120
540,0,230
540,340,0
540,340,0
540,390,110
540,0,100
540,0,160
540,0,220
540,0,140
540,0,0
540,0,70
540,0,300
540,0,420
540,200,0
540,320,80
540,330,0
540,0,230
540,0,180
540,0,60
540,0,60
540,0,280
540,0,90
540,0,90
540,0,350
540,0,40
540,0,170
540,0,80
540,0,110
540,400,0
540,0,0
540,0,120
540,0,280
540,100,110
540,530,0
540,0,0
540,140,0
540,280,0
540,300,0
540,0,170
540,0,230
540,0,350
540,0,120
540,290,0
540,350,20
540,0,120
540,0,520
540,0,200
540,190,0
540,310,320
540,320,0
540,320,0
540,350,20
540,380,0
540,400,0
540,0,200
540,0,320
540,0,0
540,0,240
540,0,0
540,0,480
540,0,530
540,0,310
540,0,340
540,310,180
540,370,130
540,370,100
540,0,170
540,0,210
540,0,290
540,0,210
540,0,220
540,0,180
540,0,50
540,0,110
540,290,50
540,320,100
540,400,110
540,420,70
540,90,170
540,0,110
540,0,180
540,0,230
540,0,130
540,0,280
540,0,110
540,0,190
540,0,330
540,0,100
540,0,410
540,0,100
540,0,50
540,0,120
540,0,180
540,0,150
540,0,200
540,180,40
540,230,180
540,340,10
550,0,270
550,0,380
550,0,0
550,0,220
550,0,320
550,0,30
550,0,90
550,270,180
550,350,50
550,430,30
550,0,150
550,0,320
550,0,220
550,0,360
550,0,340
550,0,90
550,0,200
550,0,120
550,210,20
550,0,110
550,420,80
550,0,300
550,340,80
550,0,90
550,400,0
550,0,200
550,0,330
550,0,430
550,0,250
550,0,210
550,0,0
550,0,200
550,0,150
550,0,180
550,360,80
550,420,50
550,0,100
550,0,330
550,0,410
550,0,140
550,0,270
550,0,40
550,0,0
550,0,170
550,340,60
550,370,90
550,380,40
550,410,60
550,420,30
550,430,40
550,70,30
550,0,150
550,0,20
550,260,70
550,280,40
550,320,180
550,340,180
550,350,120
550,430,70
550,0,220
550,0,230
550,0,280
550,0,250
550,0,330
550,0,210
550,0,150
550,270,200
550,340,30
550,410,200
550,470,60
550,0,290
550,0,80
550,0,210
550,0,300
550,0,260
550,0,180
550,0,130
550,340,70
550,60,110
560,0,140
560,0,230
560,0,240
560,0,240
560,0,0
560,0,0
560,0,70
560,0,250
560,0,190
560,390,100
560,0,260
560,0,410
560,0,180
560,0,260
560,110,0
560,340,60
560,0,70
560,0,120
560,0,190
560,0,70
560,180,170
560,0,120
560,0,40
560,0,280
560,10,200
560,0,50
560,0,170
560,0,120
560,0,30
560,0,210
560,0,50
560,0,180
560,0,60
560,0,130
560,0,0
560,0,410
560,0,200
560,0,360
560,0,230
560,0,110
560,0,100
560,270,20
560,340,40
560,360,80
560,360,0
560,0,140
560,0,360
560,0,10
560,0,90
560,0,110
560,0,270
560,310,50
560,390,140
560,0,470
560,0,250
560,0,210
560,0,180
560,170,40
560,230,0
560,270,180
560,290,30
560,370,70
570,0,190
570,0,300
570,0,330
570,0,0
570,300,60
570,340,50
570,360,0
570,0,180
570,0,350
570,0,390
570,0,150
570,0,90
570,0,170
570,0,130
570,250,60
570,360,30
570,0,90
570,0,150
570,0,140
570,0,0
570,0,110
570,0,50
570,0,90
570,330,80
570,0,110
570,0,190
570,400,40
570,0,60
570,0,30
570,0,210
570,0,110
570,0,20
570,0,220
570,0,370
570,0,90
570,0,210
570,0,170
570,350,120
570,370,60
570,420,20
570,0,390
570,0,160
570,0,150
570,0,90
570,0,90
570,0,170
570,120,200
570,280,30
570,0,200
570,0,310
570,0,150
570,0,230
570,0,70
570,0,30
570,0,420
570,0,130
570,270,70
570,0,390
570,0,320
570,0,160
570,0,340
570,0,170
570,0,90
570,210,40
570,220,220
580,0,90
580,0,180
580,0,110
580,0,150
580,340,130
580,0,260
580,0,280
580,0,30
580,0,210
580,460,50
580,0,130
580,0,150
580,250,30
580,320,50
580,0,90
580,0,90
580,0,180
580,0,120
580,0,280
580,0,220
580,0,120
580,0,210
580,0,210
580,0,450
580,0,130
580,0,280
580,0,140
580,0,340
580,0,320
580,0,260
580,0,480
580,0,90
580,260,150
580,300,30
580,0,120
580,0,0
580,0,90
580,0,480
580,0,110
580,0,190
580,0,130
580,0,140
580,0,140
580,0,270
580,0,370
580,0,160
580,0,270
580,0,310
580,260,0
580,350,160
580,380,0
580,0,40
580,0,90
580,0,390
580,0,240
580,0,40
580,400,70
590,0,370
590,0,260
590,0,280
590,0,130
590,0,100
590,0,90
590,0,280
590,0,40
590,0,330
590,0,110
590,0,80
590,0,70
590,0,170
590,0,100
590,0,210
590,0,490
590,0,250
590,0,330
590,0,150
590,0,60
590,0,240
590,490,50
590,0,10
590,0,130
590,0,200
590,250,70
590,360,210
590,380,30
590,0,230
590,0,70
590,0,90
590,0,240
590,0,240
590,0,0
590,0,70
590,280,100
590,0,510
590,0,90
590,0,120
590,0,50
590,330,20
600,0,160
600,0,340
600,0,120
600,0,210
600,0,320
600,0,60
600,0,220
600,0,250
600,0,190
600,0,190
600,140,40
600,360,50
600,0,100
600,0,120
600,0,140
600,0,320
600,0,50
600,0,140
600,0,120
600,0,290
600,0,150
600,110,240
600,0,130
600,0,260
600,0,370
600,0,50
600,0,410
600,170,110
600,0,260
600,0,200
600,0,140
600,0,360
600,0,360
600,0,210
600,0,420
600,0,390
600,0,530
600,0,90
600,0,310
600,0,270
600,0,290
600,0,120
600,0,220
600,360,140
600,0,140
600,0,30
600,0,240
600,0,50
600,0,290
600,0,90
600,390,60
600,0,130
600,0,90
600,0,190
600,0,150
600,0,200
600,0,250
610,0,250
610,0,60
610,0,80
610,0,220
610,0,50
610,0,0
610,0,0
610,0,190
610,360,70
610,0,110
610,0,120
610,0,170
610,0,0
610,0,390
610,0,230
610,0,260
610,0,20
610,0,160
610,0,260
610,260,100
610,360,30
610,0,160
610,0,200
610,0,0
610,0,350
610,0,310
610,0,190
610,0,280
610,0,290
610,0,170
610,0,180
610,270,0
620,0,190
620,0,220
620,490,0
620,0,150
620,0,230
620,0,30
620,0,90
620,0,230
620,150,120
620,0,210
620,0,310
620,0,430
620,0,90
620,0,240
620,0,180
620,0,170
620,0,160
620,0,0
620,0,100
620,0,180
620,0,280
620,0,0
620,0,120
620,0,230
620,0,40
620,0,90
620,0,130
620,0,160
620,0,120
620,0,250
620,330,0
620,0,180
620,0,320
620,0,230
620,0,80
620,0,110
630,0,320
630,0,270
630,0,340
630,0,0
630,0,0
630,0,180
630,0,470
630,0,140
630,250,0
630,0,180
630,0,370
630,0,400
630,0,200
630,0,270
630,0,180
630,330,30
630,0,0
630,0,300
630,0,140
630,0,100
630,0,90
630,0,220
630,0,140
630,310,20
630,0,300
630,0,170
630,0,330
640,0,260
640,0,280
640,0,40
640,0,510
640,0,200
640,0,170
640,0,130
640,0,170
640,0,100
640,0,270
640,0,300
640,0,280
640,0,250
640,0,0
640,0,170
640,0,160
640,0,310
640,0,140
640,0,290
640,0,240
640,0,280
640,0,250
640,0,120
640,0,220
640,0,190
640,0,240
640,0,0
640,0,140
640,0,150
640,0,170
640,0,30
640,0,110
640,0,80
640,0,160
640,0,100
640,0,330
640,290,60
640,0,190
640,0,30
640,0,30
640,0,410
640,0,210
650,0,280
650,0,160
650,0,400
650,0,220
650,0,140
650,0,130
650,0,330
650,0,230
650,0,230
650,0,130
650,0,180
650,0,130
650,0,390
650,0,60
650,0,0
650,0,320
650,170,280
650,0,330
650,0,160
650,0,230
650,0,230
650,0,0
650,0,200
650,0,170
650,0,90
650,0,0
660,0,310
660,0,190
660,0,290
660,0,120
660,0,150
660,0,150
660,260,100
660,0,250
660,0,0
660,0,260
660,0,110
660,0,190
660,0,230
660,0,100
660,0,70
660,0,40
660,0,70
660,0,110
660,0,90
660,0,160
660,0,280
660,0,330
660,0,240
660,0,120
660,0,170
660,380,0
660,0,70
660,0,80
660,0,120
660,0,200
660,0,230
660,0,410
670,0,100
670,0,110
670,0,120
670,0,330
670,0,60
670,0,130
670,0,220
670,0,100
670,0,190
670,0,100
670,0,80
670,0,220
670,0,230
670,0,120
670,0,300
670,0,120
670,0,30
670,0,170
670,0,70
670,0,150
670,0,300
670,0,400
670,0,260
670,0,220
670,0,90
670,0,330
670,0,130
670,0,260
670,0,50
670,0,180
670,0,60
670,0,390
680,0,90
680,0,270
680,0,30
680,0,60
680,0,520
680,0,230
680,0,80
680,0,70
680,0,170
680,0,190
680,0,180
680,0,170
680,0,60
680,0,40
680,0,90
690,0,370
690,0,480
690,0,130
690,0,420
690,0,300
690,350,30
690,0,200
690,0,340
690,0,220
690,290,40
690,0,390
700,0,120
700,0,70
700,0,240
700,0,110
700,0,190
700,0,70
700,0,320
700,0,50
700,0,200
700,0,340
700,0,80
700,0,0
700,0,350
700,0,190
700,400,30
700,0,260
700,0,60
700,0,0
700,0,100
700,0,20
700,0,340
700,0,360
710,0,190
710,0,230
710,0,60
710,0,190
710,0,130
710,0,20
710,0,170
710,0,200
710,340,30
720,230,0
720,0,100
720,0,310
720,0,280
720,0,320
720,0,200
720,0,120
720,0,110
720,0,290
720,0,340
720,0,110
730,0,260
730,0,230
730,0,310
730,0,350
730,0,240
730,430,40
730,0,310
740,0,140
740,0,140
740,0,100
740,0,0
740,0,150
750,0,120
750,0,0
750,70,190
750,0,550
750,0,150
750,0,80
750,0,330
750,0,170
760,0,170
760,0,240
760,0,210
760,0,180
760,0,80
770,0,190
770,0,110
770,0,50
770,0,170
770,0,180
770,0,160
770,0,200
770,0,80
780,0,90
780,0,90
780,0,0
780,0,200
780,0,30
790,0,90
790,0,90
790,0,80
790,0,350
790,0,190
790,0,140
790,0,220
800,0,230
800,0,180
810,0,170
810,0,430
820,0,80
820,0,240
820,0,0
820,0,330
820,0,170
830,0,100
840,0,310
840,0,170
840,0,80
870,0,140
920,0,200
930,0,60
960,0,390
